{"cameraMode":{"drawMode":0,"name":"Shaded","section":"Shading Mode"},"sceneLighting":true,"audioPlay":false,"sceneViewState":{"m_AlwaysRefresh":false,"showFog":true,"showSkybox":true,"showFlares":true,"showImageEffects":true,"showParticleSystems":true,"showVisualEffectGraphs":true,"m_FxEnabled":true},"in2DMode":false,"pivot":{"x":-0.18193699419498444,"y":3.595933198928833,"z":0.3543942868709564},"rotation":{"x":0.17566688358783723,"y":0.6820812821388245,"z":-0.17409084737300874,"w":0.6882444024085999},"size":3.31093430519104,"orthographic":false}